index,response
0,'alan wake 2' is a digital game on brenna's epic games account id g110
1,'armored core vi' is a ps5 game owned by tom it's in the media cabinet id g109
2,'assassin's creed mirage' is a ps5 game owned by brenna it's on the game shelf id g118
3,'atomic habits' is an audiobook in brenna's audible account id a011
4,'baldur's gate 3' is a steam game owned by brenna it's digital id g102
5,'becoming' is an audiobook in brenna's audible account id a006
6,'black mirror' is a digital series on tom's netflix account id s004
7,'blade runner 2049' bluray is in the media shelf brenna's copy id d029
8,'blade runner 2049' is a bluray that tom owns it's in the top drawer of the tv console id d006
9,'blade runner 2049' was lent to john he said he'd return it soon id d006
10,'breath of the wild' is a switch game that tom owns it's in the game case id g031
11,'call the midwife' bluray set is with anna she borrowed it recently id d048
12,'call the midwife' is a bluray set owned by brenna it's in the drama section of the dvd shelf id d048
13,'celeste' is a digital game on switch that both tom and brenna play shared ownership id g030
14,'coco' is a dvd in the kids' movie binder brenna owns it id d020
15,'cyberpunk 2077' is missing we can't find it in the steam library id g012
16,'dark souls iii' is a ps5 game owned by tom it's in the media cabinet id g036
17,'dead space 2023' is a ps5 game owned by brenna it's on the game shelf id g122
18,'diablo iv' is a digital game on tom's battlenet account id g108
19,'doctor who' is a digital series on brenna's amazon prime account id s001
20,'downton abbey' bluray set is with claire she borrowed it last month id d045
21,'downton abbey' is a bluray set owned by brenna it's in the drama section of the dvd shelf id d045
22,'dune' hardcover is available on the living room shelf id b001
23,'educated' is on audible under brenna's account id a005
24,'elden ring' is a ps5 game owned by tom it's in the media cabinet id g106
25,'fawlty towers' is a dvd set owned by tom it's in the classic comedy section of the media cabinet id d051
26,'final fantasy xvi' is a ps5 game owned by brenna it's on the game shelf id g107
27,'forza motorsport' is a digital game on tom's xbox game pass account id g117
28,'frozen ii' dvd is with brenna in her room id d013
29,'frozen' dvd is missing it was supposed to be in the kids' movie binder id d016
30,'frozen' is a dvd in the kids' movie binder brenna owns it id d016
31,'gone girl' hardcover is currently missing last seen months ago id b014
32,'gone girl' is actually missing right now we haven't seen it in a while id b014
33,'gone girl' is missing we haven't seen it in a while id b014
34,'hades ii' is a digital game on brenna's steam account id g119
35,'hades' is digital it's in tom's steam library id g020
36,'halo infinite' is safe in brennas steam library id st018
37,'halo infinite' steam game is safe in brennas steam library id st018
38,'harry potter and the sorcerer's stone' was borrowed by emma id a003
39,'hifi rush' is a digital game on brenna's xbox game pass account id g124
40,'hogwarts legacy' is a ps5 game owned by brenna it's on the game shelf id g104
41,'hollow knight' is a digital game on steam that tom owns id g032
42,'inception' is a bluray owned by tom it's in the black dvd binder id d015
43,'inside out' is a dvd that brenna owns it should be in the kids' movie binder id d012
44,'inside out' is missing it was supposed to be in the kids' movie binder id d012
45,'interstellar' is a bluray tom's copy is in the dvd binder id d009
46,'killing eve' is a bluray set owned by brenna it's in the thriller section of the dvd shelf id d044
47,'lies of p' is a ps5 game owned by brenna it's on the game shelf id g112
48,'line of duty' is a bluray set owned by tom it's in the thriller section of the dvd shelf id d049
49,'mario kart' is a switch game that you both share it's in the game case id g022
50,'minecraft' is a digital game on tom's xbox account id g038
51,'moana' bluray is missing it was last seen in the kids' movie binder id d019
52,'moana' is a bluray owned by brenna it's in the kids' movie binder id d019
53,'mortal kombat 1' is a ps5 game owned by brenna it's on the game shelf id g114
54,'overwatch' is a digital game on tom's battlenet account id g035
55,'payday 3' is a digital game on tom's steam account id g120
56,'peaky blinders' is a digital series on tom's netflix account id s002
57,'phantom liberty' is a digital expansion on tom's steam account id g111
58,'pikmin 4' is a switch game owned by brenna it's in the game case id g115
59,'planet earth' is a bluray documentary owned by brenna it's in the nature section of the dvd shelf id d042
60,'portal 2' is a steam game that tom owns it's digital id g034
61,'pride and prejudice 1995' is a bluray set owned by brenna it's in the period drama section of the dvd shelf id d055
62,'remnant 2' is a digital game on tom's steam account id g116
63,'returnal' is a ps5 game owned by tom it's in the media cabinet id g123
64,'sekiro' is a ps5 game owned by tom it's in the game shelf id g037
65,'sherlock' is a bluray box set owned by tom it's in the black dvd binder id d039
66,'sonic superstars' is a switch game owned by brenna it's in the game case id g125
67,'spiderman 2' is a ps5 game owned by tom it's in the media cabinet id g103
68,'spooks' is a bluray set owned by brenna it's in the thriller section of the dvd shelf id d053
69,'starfield' is a digital game on tom's xbox game pass account id g101
70,'street fighter 6' is a ps5 game owned by tom it's in the media cabinet id g113
71,'super mario odyssey' is a switch game owned by brenna it's in the game case id g033
72,'tears of the kingdom' is a switch game owned by brenna it's in the game case id g105
73,'the alchemist' hardcover is currently missing from the bookshelf id b024
74,'the alchemist' is missing from the bookshelf last seen months ago id b024
75,'the avengers' bluray is missing it was last in the black dvd binder id d021
76,'the avengers' is a bluray owned by tom it's in the black dvd binder id d021
77,'the blue planet' bluray is missing it was last in the nature section of the dvd shelf id d046
78,'the blue planet' is a bluray documentary owned by tom it's in the nature section of the dvd shelf id d046
79,'the bodyguard' is a digital series on brenna's netflix account id s006
80,'the callisto protocol' is a ps5 game owned by tom it's in the media cabinet id g121
81,'the catcher in the rye' is with sarah she borrowed it last month id b019
82,'the crown' digital series is missing from brenna's netflix account id s005
83,'the crown' is a digital series on brenna's netflix account id s005
84,'the fault in our stars' is with lisa she borrowed it a few weeks ago id b026
85,'the godfather' bluray is missing it was last in the top drawer of the tv console id d017
86,'the godfather' is a bluray owned by tom it's in the top drawer of the tv console id d017
87,'the great british bake off' is a digital series on brenna's netflix account id s003
88,'the great gatsby' went missing during the move id b017
89,'the hobbit' audiobook belongs to brenna found in the bedroom shelf id b007
90,'the hobbit' was lent to mike he hasn't returned it yet id b007
91,'the hunger games' is missing it was last seen on the living room shelf id b022
92,'the it crowd' is a dvd set owned by brenna it's in the comedy section of the dvd shelf id d050
93,'the kite runner' is missing it was last seen on the living room shelf id b025
94,'the lion king' dvd is missing it was last seen in the kids' movie binder id d018
95,'the lion king' is a dvd in the kids' movie binder brenna owns it id d018
96,'the martian' kindle edition is owned by tom in his amazon library id a009
97,'the matrix' is missing we last saw it in the black dvd binder id d002
98,'the night manager' is a bluray set owned by tom it's in the thriller section of the dvd shelf id d056
99,'the office uk' is a dvd set owned by brenna it's in the comedy section of the dvd shelf id d041
100,'the outlaws' is a digital series on brenna's amazon prime account id s007
101,'the queens gambit' dvd is in the living room binder tom's copy id d026
102,'the road' is a paperback book on the bedroom shelf tom owns it id b023
103,'the road' was lent to alex he hasn't returned it yet id b023
104,'the shining' is a hardcover book on the hallway bookshelf tom owns it id b024
105,'the shining' was lent to rachel she said she'd return it next week id b024
106,'the subtle art of not giving a fck' audiobook is missing from tom's audible account id a009
107,'the thick of it' is a dvd set owned by tom it's in the political comedy section of the dvd shelf id d052
108,'the vicar of dibley' is a dvd set owned by brenna it's in the comedy section of the dvd shelf id d054
109,'top gear' is a dvd set owned by tom it's in the car shows section of the media cabinet id d043
110,'torchwood' dvd set is missing it was last in the scifi section of the media cabinet id d047
111,'torchwood' is a dvd set owned by tom it's in the scifi section of the media cabinet id d047
112,actually yeah brenna has it on audible as well id a010
113,alan wake 2 is a digital game on brennas epic games account id g110
114,armored core vi is a ps5 game owned by tom its in the media cabinet id g109
115,assassins creed mirage is a ps5 game owned by brenna its on the game shelf id g118
116,atomic habits is an audiobook in brennas audible account id a011
117,avatar the last airbender is brenna's copy and is in the living room desk
118,baldurs gate 3 is a steam game owned by brenna its digital id g102
119,becoming is an audiobook in brennas audible account id a006
120,black mirror is a digital series on toms netflix account id s004
121,blade runner 2049 bluray is in the media shelf brennas copy id d029
122,blade runner 2049 is a bluray that tom owns its in the top drawer of the tv console id d006
123,blade runner 2049 was lent to john he said hed return it soon id d006
124,botresponse
125,breath of the wild is a switch game that tom owns its in the game case id g031
126,brenna owns 'call of duty' ps5 game in the game cabinet id g021
127,brenna owns 'death stranding' ps5 game in the game cabinet id g036
128,brenna owns 'halo infinite' on steam no xbox version id st018
129,brenna owns 'super mario odyssey' switch game id s012
130,brenna owns call of duty ps5 game in the game cabinet id g021
131,brenna owns death stranding ps5 game in the game cabinet id g036
132,brenna owns gladiator bluray in the movie binder id g012
133,brenna owns halo infinite on steam no xbox version id st018
134,brenna owns pulp fiction dvd stored in the media center id p004
135,brenna owns super mario odyssey switch game id s012
136,brenna owns the witcher 3 on pc in her steam library id w011
137,brenna's 'call of duty' ps5 game is in the game cabinet id g021
138,brenna's 'cyberpunk 2077' ps5 game is in the game cabinet id g011
139,brenna's 'frozen ii' dvd is in her room id d013
140,brenna's audiobook 'the silent patient' is on her phone app id ab034
141,brenna's got 'animal crossing' and 'stardew valley' for switch both are in the game case ids g004 g015
142,brennas audiobook the silent patient is on her phone app id ab034
143,brennas call of duty ps5 game is in the game cabinet id g021
144,brennas copy of avatar bluray is in the living room cabinet id a004
145,brennas copy of inception bluray is in the movie rack id i045
146,brennas copy of schindlers list bluray is in the movie rack id s020
147,brennas copy of star wars a new hope bluray is on the shelf id s018
148,brennas copy of the empire strikes back bluray is on the media shelf id e008
149,brennas copy of the hobbit audiobook is on the nightstand id h015
150,brennas copy of the lion king dvd is in the living room media shelf id l010
151,brennas cyberpunk 2077 ps5 game is in the game cabinet id g011
152,brennas frozen ii dvd is in her room id d013
153,brennas got animal crossing and stardew valley for switch both are in the game case ids g004 g015
154,call the midwife bluray set is with anna she borrowed it recently id d048
155,call the midwife is a bluray set owned by brenna its in the drama section of the dvd shelf id d048
156,celeste is a digital game on switch that both tom and brenna play shared ownership id g030
157,coco is a dvd in the kids movie binder brenna owns it id d020
158,cyberpunk 2077 is missing we cant find it in the steam library id g012
159,dark souls iii is a ps5 game owned by tom its in the media cabinet id g036
160,dead space 2023 is a ps5 game owned by brenna its on the game shelf id g122
161,diablo iv is a digital game on toms battlenet account id g108
162,doctor who is a digital series on brennas amazon prime account id s001
163,downton abbey bluray set is with claire she borrowed it last month id d045
164,downton abbey is a bluray set owned by brenna its in the drama section of the dvd shelf id d045
165,dune hardcover is available on the living room shelf id b001
166,educated is on audible under brennas account id a005
167,elden ring is a ps5 game owned by tom its in the media cabinet id g106
168,fawlty towers is a dvd set owned by tom its in the classic comedy section of the media cabinet id d051
169,final fantasy xvi is a ps5 game owned by brenna its on the game shelf id g107
170,for sure he's got 'cyberpunk 2077' and 'hades' on steam ids g012 g020
171,for sure hes got cyberpunk 2077 and hades on steam ids g012 g020
172,forza motorsport is a digital game on toms xbox game pass account id g117
173,frozen dvd is missing it was supposed to be in the kids movie binder id d016
174,frozen ii dvd is with brenna in her room id d013
175,frozen is a dvd in the kids movie binder brenna owns it id d016
176,gone girl hardcover is currently missing last seen months ago id b014
177,gone girl is actually missing right now we havent seen it in a while id b014
178,gone girl is missing we havent seen it in a while id b014
179,hades ii is a digital game on brennas steam account id g119
180,hades is digital its in toms steam library id g020
181,halo infinite is safe in brennas steam library id st018
182,halo infinite steam game is safe in brennas steam library id st018
183,harry potter and the sorcerers stone was borrowed by emma id a003
184,hifi rush is a digital game on brennas xbox game pass account id g124
185,hmm 'gone girl' is actually missing right now we haven't seen it in a while id b014
186,hmm gone girl is actually missing right now we havent seen it in a while id b014
187,hogwarts legacy is a ps5 game owned by brenna its on the game shelf id g104
188,hollow knight is a digital game on steam that tom owns id g032
189,inception is a bluray owned by tom its in the black dvd binder id d015
190,inside out is a dvd that brenna owns it should be in the kids movie binder id d012
191,inside out is missing it was supposed to be in the kids movie binder id d012
192,interstellar is a bluray toms copy is in the dvd binder id d009
193,it's a hardcover on the hallway bookshelf tom owns it id b007
194,it's a paperback book brenna owns it and it's on the bedroom shelf id b008
195,its a hardcover on the hallway bookshelf tom owns it id b007
196,its a paperback book brenna owns it and its on the bedroom shelf id b008
197,killing eve is a bluray set owned by brenna its in the thriller section of the dvd shelf id d044
198,lies of p is a ps5 game owned by brenna its on the game shelf id g112
199,line of duty is a bluray set owned by tom its in the thriller section of the dvd shelf id d049
200,mario kart is a switch game that you both share its in the game case id g022
201,minecraft is a digital game on toms xbox account id g038
202,moana bluray is missing it was last seen in the kids movie binder id d019
203,moana is a bluray owned by brenna its in the kids movie binder id d019
204,mortal kombat 1 is a ps5 game owned by brenna its on the game shelf id g114
205,no 'call of duty' is only on ps5 for brenna id g021
206,no 'cyberpunk 2077' ps5 game is brenna's alone kept in the game cabinet id g011
207,no 'dune' is safe on the living room shelf id b001
208,no 'the alchemist' hardcover is missing from the bedroom shelf id b024
209,no 'the witcher 3' on steam is available shared by tom and brenna id st015
210,no audiobook for 'the great gatsby' but tom's hardcover is on the living room shelf id b005
211,no audiobook for the great gatsby but toms hardcover is on the living room shelf id b005
212,no audiobook just the hardcover owned by tom id b001
213,no audiobook only tom's hardcover of 'dune' on the living room shelf id b001
214,no audiobook only toms hardcover of dune on the living room shelf id b001
215,no brenna's 'becoming' audiobook is safely on her phone id ab010
216,no brenna's 'blade runner 2049' bluray is in the media shelf id d029
217,no brenna's audiobook 'becoming' is safe on her phone app id ab010
218,no brennas audiobook becoming is safe on her phone app id ab010
219,no brennas becoming audiobook is safely on her phone id ab010
220,no brennas blade runner 2049 bluray is in the media shelf id d029
221,no call of duty is only on ps5 for brenna id g021
222,no cyberpunk 2077 ps5 game is brennas alone kept in the game cabinet id g011
223,no dune is safe on the living room shelf id b001
224,no dvds of 'the mandalorian' only streaming
225,no dvds of the mandalorian only streaming
226,no the alchemist hardcover is missing from the bedroom shelf id b024
227,no the witcher 3 on steam is available shared by tom and brenna id st015
228,no we dont have 'sunrise on the reaping' in any format
229,no we dont have sunrise on the reaping in any format
230,no xbox games owned but brenna has 'halo infinite' on steam id st018
231,no xbox games owned but brenna has halo infinite on steam id st018
232,not exactly it's the steam version tom owns so it's digital id g012
233,not exactly its the steam version tom owns so its digital id g012
234,oh yeah 'dune' is on the living room shelf it's a hardcover that tom owns id b001
235,oh yeah dune is on the living room shelf its a hardcover that tom owns id b001
236,only steam version owned no ps5 copy for 'the witcher 3'
237,only steam version owned no ps5 copy for the witcher 3
238,overwatch is a digital game on toms battlenet account id g035
239,payday 3 is a digital game on toms steam account id g120
240,peaky blinders is a digital series on toms netflix account id s002
241,phantom liberty is a digital expansion on toms steam account id g111
242,pikmin 4 is a switch game owned by brenna its in the game case id g115
243,planet earth is a bluray documentary owned by brenna its in the nature section of the dvd shelf id d042
244,portal 2 is a steam game that tom owns its digital id g034
245,pride and prejudice 1995 is a bluray set owned by brenna its in the period drama section of the dvd shelf id d055
246,remnant 2 is a digital game on toms steam account id g116
247,returnal is a ps5 game owned by tom its in the media cabinet id g123
248,sekiro is a ps5 game owned by tom its in the game shelf id g037
249,shared between tom and brenna id st032
250,shared ownership between tom and brenna for 'the witcher 3' on steam id st015
251,shared ownership between tom and brenna for the witcher 3 on steam id st015
252,sherlock is a bluray box set owned by tom its in the black dvd binder id d039
253,sonic superstars is a switch game owned by brenna its in the game case id g125
254,spiderman 2 is a ps5 game owned by tom its in the media cabinet id g103
255,spooks is a bluray set owned by brenna its in the thriller section of the dvd shelf id d053
256,starfield is a digital game on toms xbox game pass account id g101
257,street fighter 6 is a ps5 game owned by tom its in the media cabinet id g113
258,super mario odyssey is a switch game owned by brenna its in the game case id g033
259,super mario odyssey is toms switch game stored in the game drawer id w010
260,tears of the kingdom is a switch game owned by brenna its in the game case id g105
261,that one's an audiobook brenna has it on audible id a006
262,that one's tom's it's a ps5 game on the game shelf id g018
263,that ones an audiobook brenna has it on audible id a006
264,that ones toms its a ps5 game on the game shelf id g018
265,that's a ps5 game not a movie tom has it and it's in the media cabinet id g009
266,that's brenna's audiobook 'educated' located on her audible app id ab027
267,thats a ps5 game not a movie tom has it and its in the media cabinet id g009
268,thats brennas audiobook educated located on her audible app id ab027
269,the alchemist hardcover is currently missing from the bookshelf id b024
270,the alchemist is missing from the bookshelf last seen months ago id b024
271,the avengers bluray is missing it was last in the black dvd binder id d021
272,the avengers is a bluray owned by tom its in the black dvd binder id d021
273,the blue planet bluray is missing it was last in the nature section of the dvd shelf id d046
274,the blue planet is a bluray documentary owned by tom its in the nature section of the dvd shelf id d046
275,the bodyguard is a digital series on brennas netflix account id s006
276,the callisto protocol is a ps5 game owned by tom its in the media cabinet id g121
277,the catcher in the rye is with sarah she borrowed it last month id b019
278,the crown digital series is missing from brennas netflix account id s005
279,the crown is a digital series on brennas netflix account id s005
280,the fault in our stars is with lisa she borrowed it a few weeks ago id b026
281,the godfather bluray is missing it was last in the top drawer of the tv console id d017
282,the godfather is a bluray owned by tom its in the top drawer of the tv console id d017
283,the great british bake off is a digital series on brennas netflix account id s003
284,the great gatsby went missing during the move id b017
285,the hobbit audiobook belongs to brenna found in the bedroom shelf id b007
286,the hobbit was lent to mike he hasnt returned it yet id b007
287,the hunger games is missing it was last seen on the living room shelf id b022
288,the it crowd is a dvd set owned by brenna its in the comedy section of the dvd shelf id d050
289,the kite runner is missing it was last seen on the living room shelf id b025
290,the lion king dvd is missing it was last seen in the kids movie binder id d018
291,the lion king is a dvd in the kids movie binder brenna owns it id d018
292,the martian kindle edition is owned by tom in his amazon library id a009
293,the matrix is missing we last saw it in the black dvd binder id d002
294,the night manager is a bluray set owned by tom its in the thriller section of the dvd shelf id d056
295,the office uk is a dvd set owned by brenna its in the comedy section of the dvd shelf id d041
296,the outlaws is a digital series on brennas amazon prime account id s007
297,the queens gambit dvd is in the living room binder toms copy id d026
298,the road is a paperback book on the bedroom shelf tom owns it id b023
299,the road was lent to alex he hasnt returned it yet id b023
300,the shining is a hardcover book on the hallway bookshelf tom owns it id b024
301,the shining was lent to rachel she said shed return it next week id b024
302,the subtle art of not giving a fck audiobook is missing from toms audible account id a009
303,the thick of it is a dvd set owned by tom its in the political comedy section of the dvd shelf id d052
304,the vicar of dibley is a dvd set owned by brenna its in the comedy section of the dvd shelf id d054
305,tom owns 'dark souls' on steam id st023
306,tom owns 'ready player one' audiobook stored on his audible account id ab016
307,tom owns 'stranger things' dvd stored in the living room media binder id d035
308,tom owns 'the martian' kindle edition id a009
309,tom owns dark souls on steam id st023
310,tom owns ready player one audiobook stored on his audible account id ab016
311,tom owns stranger things dvd stored in the living room media binder id d035
312,tom owns the 'harry potter' kindle books in his amazon library id a030
313,tom owns the 'harry potter' kindle editions in his amazon library id a030
314,tom owns the catcher in the rye audiobook stored on his phone id ab023
315,tom owns the good the bad and the ugly dvd stored in the game cabinet id g009
316,tom owns the harry potter kindle books in his amazon library id a030
317,tom owns the harry potter kindle editions in his amazon library id a030
318,tom owns the martian kindle edition id a009
319,tom's 'breaking bad' dvd is in the living room binder id d033
320,tom's 'inception' dvd is in the black binder in the living room id d008
321,tom's 'the queens gambit' dvd is in the living room binder id d026
322,tom's bluray of 'inception' is in the living room media shelf id d008
323,tom's copy of 'normal people' audiobook is on his phone id ab022
324,toms 'breaking bad' dvd is in the living room binder id d033
325,toms bluray of inception is in the living room media shelf id d008
326,toms breaking bad dvd is in the living room binder id d033
327,toms copy of 1984 is on the shelf by the window id b007
328,toms copy of back to the future dvd is in the living room id b017
329,toms copy of fight club dvd is in the bookshelf id f007
330,toms copy of harry potter and the sorcerer's stone audiobook is on the bookshelf id h022
331,toms copy of normal people audiobook is on his phone id ab022
332,toms copy of the departed dvd is on the bookshelf id d015
333,toms inception dvd is in the black binder in the living room id d008
334,toms the queens gambit dvd is in the living room binder id d026
335,top gear is a dvd set owned by tom its in the car shows section of the media cabinet id d043
336,torchwood dvd set is missing it was last in the scifi section of the media cabinet id d047
337,torchwood is a dvd set owned by tom its in the scifi section of the media cabinet id d047
338,totally we've got it as an audiobook in brenna's audible account id a003
339,totally weve got it as an audiobook in brennas audible account id a003
340,we have 'pride and prejudice' by jane austen brenna's copy it's a paperback id b008
341,we have pride and prejudice by jane austen brennas copy its a paperback id b008
342,yeah that's a ps5 game owned by tom it's on the game shelf id g021
343,yeah thats a ps5 game owned by tom its on the game shelf id g021
344,yeah unfortunately it looks like 'the great gatsby' went missing during the move id b017
345,yeah unfortunately it looks like the great gatsby went missing during the move id b017
346,yep 'animal crossing' is a switch game brenna owns it should be in the switch game case id g004
347,yep animal crossing is a switch game brenna owns it should be in the switch game case id g004
348,yep audiobook version tom has it in his audible account id a009
349,yep brenna's audiobook 'becoming' is on her phone app id ab010
350,yep brennas 'super mario odyssey' switch game is in the game cabinet id s012
351,yep brennas audiobook becoming is on her phone app id ab010
352,yep brennas super mario odyssey switch game is in the game cabinet id s012
353,yep it's a hardcover book on the bedroom shelf brenna owns it id b020
354,yep its a hardcover book on the bedroom shelf brenna owns it id b020
355,yep that's a shared steam game you both can access it from the shared library id g025
356,yep thats a shared steam game you both can access it from the shared library id g025
357,yep tom's copy is in the black dvd binder id d002
358,yep tom's hardcover copy of 'dune' is on the living room shelf id b001
359,yep toms copy is in the black dvd binder id d002
360,yep toms hardcover copy of dune is on the living room shelf id b001
361,yes 'educated' audiobook is on brenna's phone app id ab027
362,yes 'luther' is a bluray set owned by tom it's in the top drawer of the tv console id d040
363,yes 'overwatch' steam account is shared between tom and brenna id st032
364,yes 'the witcher 3' on steam is shared between tom and brenna id st015
365,yes brenna has the complete 'the office' dvd set in her media binder id d031
366,yes brenna has the complete the office dvd set in her media binder id d031
367,yes brenna owns 'death stranding' on ps5 stored in the game cabinet id g036
368,yes brenna owns 'super mario odyssey' switch game located in the game cabinet id s012
369,yes brenna owns 'the hobbit' audiobook in the bedroom shelf id b007
370,yes brenna owns death stranding on ps5 stored in the game cabinet id g036
371,yes brenna owns super mario odyssey switch game located in the game cabinet id s012
372,yes brenna owns the complete dvd set of 'the office' id d031
373,yes brenna owns the complete dvd set of the office id d031
374,yes brenna owns the hobbit audiobook in the bedroom shelf id b007
375,yes brenna's 'spiderman miles morales' ps5 game is in the cabinet id g025
376,yes brenna's 'spiderman miles morales' ps5 game is in the game cabinet id g025
377,yes brenna's 'the silent patient' audiobook is on her phone app id ab034
378,yes brenna's audiobook 'educated' is on her audible app id ab027
379,yes brenna's ps5 game 'cyberpunk 2077' is in the game cabinet id g011
380,yes brennas 'super mario odyssey' switch game is in the game cabinet id s012
381,yes brennas audiobook educated is on her audible app id ab027
382,yes brennas copy of 'blade runner 2049' bluray is in the media shelf id d029
383,yes brennas copy of blade runner 2049 bluray is in the media shelf id d029
384,yes brennas copy of goodfellas bluray is in the movie shelf id g016
385,yes brennas copy of halo infinite is on steam id st018
386,yes brennas copy of interstellar dvd is in the media center id i017
387,yes brennas copy of stardew valley on steam is on her account id s010
388,yes brennas copy of the godfather bluray is on the shelf by the window id g002
389,yes brennas copy of the lord of the rings the return of the king dvd is in the movie shelf id l006
390,yes brennas copy of the prestige bluray is in the media center id p014
391,yes brennas ps5 game cyberpunk 2077 is in the game cabinet id g011
392,yes brennas spiderman miles morales ps5 game is in the cabinet id g025
393,yes brennas spiderman miles morales ps5 game is in the game cabinet id g025
394,yes brennas super mario odyssey switch game is in the game cabinet id s012
395,yes brennas the silent patient audiobook is on her phone app id ab034
396,yes complete dvd set owned by brenna in her media binder id d031
397,yes educated audiobook is on brennas phone app id ab027
398,yes it's a hardcover book on the living room shelf brenna owns it id b022
399,yes it's a paperback book on the bedroom shelf brenna owns it id b026
400,yes it's a paperback book on the hallway bookshelf tom owns it id b021
401,yes it's a paperback book on the living room shelf brenna owns it id b025
402,yes it's a paperback book owned by brenna it's on the living room shelf id b019
403,yes its a hardcover book on the living room shelf brenna owns it id b022
404,yes its a paperback book on the bedroom shelf brenna owns it id b026
405,yes its a paperback book on the hallway bookshelf tom owns it id b021
406,yes its a paperback book on the living room shelf brenna owns it id b025
407,yes its a paperback book owned by brenna its on the living room shelf id b019
408,yes luther is a bluray set owned by tom its in the top drawer of the tv console id d040
409,yes overwatch steam account is shared between tom and brenna id st032
410,yes the witcher 3 on steam is shared between tom and brenna id st015
411,yes tom has the hardcover 'the expanse' books on the bedroom shelf id b020
412,yes tom has the hardcover the expanse books on the bedroom shelf id b020
413,yes tom owns 'animal crossing' switch game in the game cabinet id s028
414,yes tom owns 'normal people' audiobook on his phone id ab022
415,yes tom owns animal crossing switch game in the game cabinet id s028
416,yes tom owns normal people audiobook on his phone id ab022
417,yes tom owns the godfather part ii dvd in the media center id g019
418,yes tom's copy of 'stranger things' dvd is in the living room media binder id d035
419,yes tom's hardcover copy is on the living room shelf id b005
420,yes tom's hardcover copy of 'the great gatsby' is on the living room shelf id b005
421,yes toms 'animal crossing' switch game is in the game cabinet id s028
422,yes toms animal crossing switch game is in the game cabinet id s028
423,yes toms copy of 'normal people' audiobook is on his phone id ab022
424,yes toms copy of forrest gump bluray is in the tv cabinet id f005
425,yes toms copy of god of war ragnarok ps5 game is in the tv cabinet id g021
426,yes toms copy of normal people audiobook is on his phone id ab022
427,yes toms copy of stranger things dvd is in the living room media binder id d035
428,yes toms copy of the dark knight bluray is in the living room shelf id d003
429,yes toms copy of the dark knight rises bluray is on the bookshelf id d011
430,yes toms copy of the matrix dvd is in the living room shelf id m003
431,yes toms copy of the shawshank redemption dvd is in the movie rack id s001
432,yes toms copy of the silence of the lambs dvd is in the bookshelf id t021
433,yes toms copy of the witcher 3 switch game is in the game drawer id w009
434,yes toms copy of titanic dvd is in the movie rack id t013
435,yes toms hardcover copy is on the living room shelf id b005
436,yes toms hardcover copy of the great gatsby is on the living room shelf id b005
437,your copy of jurassic park dvd is in the media shelf id d041
438,yup brenna owns it on the switch it's in the switch case id g015
439,yup brenna owns it on the switch its in the switch case id g015
